{
    "1": {
        "train": 10.749290466308594,
        "val": 10.218907356262207,
        "lr": 0.0005
    },
    "2": {
        "train": 10.248796463012695,
        "val": 10.214325904846191,
        "lr": 5e-06
    },
    "3": {
        "train": 10.259177207946777,
        "val": 10.204853534698486,
        "lr": 1e-05
    },
    "4": {
        "train": 10.269897937774658,
        "val": 10.190694808959961,
        "lr": 1.5e-05
    },
    "5": {
        "train": 10.238650798797607,
        "val": 10.171931266784668,
        "lr": 2e-05
    },
    "6": {
        "train": 10.20772123336792,
        "val": 10.148839473724365,
        "lr": 2.5e-05
    },
    "7": {
        "train": 10.218435764312744,
        "val": 10.122009754180908,
        "lr": 3e-05
    },
    "8": {
        "train": 10.182549476623535,
        "val": 10.091866493225098,
        "lr": 3.5000000000000004e-05
    },
    "9": {
        "train": 10.12389087677002,
        "val": 10.058897495269775,
        "lr": 4e-05
    },
    "10": {
        "train": 10.107065677642822,
        "val": 10.023762226104736,
        "lr": 4.4999999999999996e-05
    },
    "11": {
        "train": 10.096469402313232,
        "val": 9.986920356750488,
        "lr": 5e-05
    },
    "12": {
        "train": 10.048827648162842,
        "val": 9.94930362701416,
        "lr": 5.5e-05
    },
    "13": {
        "train": 9.98626184463501,
        "val": 9.91126537322998,
        "lr": 6e-05
    },
    "14": {
        "train": 9.969952583312988,
        "val": 9.873164653778076,
        "lr": 6.500000000000001e-05
    },
    "15": {
        "train": 9.90166425704956,
        "val": 9.835249423980713,
        "lr": 7.000000000000001e-05
    },
    "16": {
        "train": 9.874765872955322,
        "val": 9.797848224639893,
        "lr": 7.5e-05
    },
    "17": {
        "train": 9.841388702392578,
        "val": 9.760705471038818,
        "lr": 8e-05
    },
    "18": {
        "train": 9.841436386108398,
        "val": 9.723658561706543,
        "lr": 8.5e-05
    },
    "19": {
        "train": 9.783571720123291,
        "val": 9.686274528503418,
        "lr": 8.999999999999999e-05
    },
    "20": {
        "train": 9.745343208312988,
        "val": 9.648060321807861,
        "lr": 9.5e-05
    },
    "21": {
        "train": 9.726731300354004,
        "val": 9.608826160430908,
        "lr": 0.0001
    },
    "22": {
        "train": 9.643658638000488,
        "val": 9.568143367767334,
        "lr": 0.000105
    },
    "23": {
        "train": 9.619109153747559,
        "val": 9.525308609008789,
        "lr": 0.00011
    },
    "24": {
        "train": 9.559818267822266,
        "val": 9.480163097381592,
        "lr": 0.000115
    },
    "25": {
        "train": 9.567801475524902,
        "val": 9.432330131530762,
        "lr": 0.00012
    },
    "26": {
        "train": 9.424589157104492,
        "val": 9.38109540939331,
        "lr": 0.000125
    },
    "27": {
        "train": 9.408430099487305,
        "val": 9.326234817504883,
        "lr": 0.00013000000000000002
    },
    "28": {
        "train": 9.391490936279297,
        "val": 9.267496585845947,
        "lr": 0.000135
    },
    "29": {
        "train": 9.336470127105713,
        "val": 9.204925537109375,
        "lr": 0.00014000000000000001
    },
    "30": {
        "train": 9.227059364318848,
        "val": 9.140114307403564,
        "lr": 0.000145
    },
    "31": {
        "train": 9.206544399261475,
        "val": 9.073457717895508,
        "lr": 0.00015
    },
    "32": {
        "train": 9.112611293792725,
        "val": 9.004467964172363,
        "lr": 0.000155
    },
    "33": {
        "train": 8.977621078491211,
        "val": 8.933496952056885,
        "lr": 0.00016
    },
    "34": {
        "train": 8.975218296051025,
        "val": 8.861555099487305,
        "lr": 0.000165
    },
    "35": {
        "train": 8.977179050445557,
        "val": 8.789549350738525,
        "lr": 0.00017
    },
    "36": {
        "train": 8.931340217590332,
        "val": 8.71635627746582,
        "lr": 0.000175
    },
    "37": {
        "train": 8.824267387390137,
        "val": 8.642367839813232,
        "lr": 0.00017999999999999998
    },
    "38": {
        "train": 8.713176250457764,
        "val": 8.56615924835205,
        "lr": 0.000185
    },
    "39": {
        "train": 8.725268840789795,
        "val": 8.487765312194824,
        "lr": 0.00019
    },
    "40": {
        "train": 8.661174774169922,
        "val": 8.408474922180176,
        "lr": 0.00019500000000000002
    },
    "41": {
        "train": 8.496561050415039,
        "val": 8.32783317565918,
        "lr": 0.0002
    },
    "42": {
        "train": 8.462889671325684,
        "val": 8.245930671691895,
        "lr": 0.000205
    },
    "43": {
        "train": 8.338920593261719,
        "val": 8.164292812347412,
        "lr": 0.00021
    },
    "44": {
        "train": 8.203973770141602,
        "val": 8.079374313354492,
        "lr": 0.000215
    },
    "45": {
        "train": 8.214547157287598,
        "val": 7.99088978767395,
        "lr": 0.00022
    },
    "46": {
        "train": 8.059888124465942,
        "val": 7.907104730606079,
        "lr": 0.00022500000000000002
    },
    "47": {
        "train": 7.96953010559082,
        "val": 7.823907375335693,
        "lr": 0.00023
    },
    "48": {
        "train": 7.887650966644287,
        "val": 7.740222215652466,
        "lr": 0.000235
    },
    "49": {
        "train": 7.867455720901489,
        "val": 7.6607747077941895,
        "lr": 0.00024
    },
    "50": {
        "train": 7.813103675842285,
        "val": 7.568131446838379,
        "lr": 0.000245
    },
    "51": {
        "train": 7.678608179092407,
        "val": 7.479008674621582,
        "lr": 0.00025
    },
    "52": {
        "train": 7.659919261932373,
        "val": 7.3927857875823975,
        "lr": 0.000255
    },
    "53": {
        "train": 7.525060415267944,
        "val": 7.307178974151611,
        "lr": 0.00026000000000000003
    },
    "54": {
        "train": 7.536446571350098,
        "val": 7.219660520553589,
        "lr": 0.00026500000000000004
    },
    "55": {
        "train": 7.402913808822632,
        "val": 7.127946376800537,
        "lr": 0.00027
    },
    "56": {
        "train": 7.344708204269409,
        "val": 7.039516448974609,
        "lr": 0.000275
    },
    "57": {
        "train": 7.221103668212891,
        "val": 6.944200038909912,
        "lr": 0.00028000000000000003
    },
    "58": {
        "train": 7.070467472076416,
        "val": 6.854076862335205,
        "lr": 0.000285
    },
    "59": {
        "train": 7.031726360321045,
        "val": 6.75960898399353,
        "lr": 0.00029
    },
    "60": {
        "train": 6.934631109237671,
        "val": 6.669838905334473,
        "lr": 0.000295
    },
    "61": {
        "train": 6.8669867515563965,
        "val": 6.577563762664795,
        "lr": 0.0003
    },
    "62": {
        "train": 6.729813575744629,
        "val": 6.485018730163574,
        "lr": 0.000305
    },
    "63": {
        "train": 6.594465017318726,
        "val": 6.395610809326172,
        "lr": 0.00031
    },
    "64": {
        "train": 6.6256492137908936,
        "val": 6.303466796875,
        "lr": 0.000315
    },
    "65": {
        "train": 6.548907279968262,
        "val": 6.209178686141968,
        "lr": 0.00032
    },
    "66": {
        "train": 6.377115726470947,
        "val": 6.115028619766235,
        "lr": 0.00032500000000000004
    },
    "67": {
        "train": 6.328640699386597,
        "val": 6.021776914596558,
        "lr": 0.00033
    },
    "68": {
        "train": 6.192753314971924,
        "val": 5.927349328994751,
        "lr": 0.000335
    },
    "69": {
        "train": 6.149471282958984,
        "val": 5.8283257484436035,
        "lr": 0.00034
    },
    "70": {
        "train": 5.950565814971924,
        "val": 5.73766016960144,
        "lr": 0.000345
    },