{
    "1": {
        "train": 2.624199390411377,
        "val": 2.4560277462005615,
        "lr": 0.0005
    }
}