{
    "1": {
        "train": 6.979747700691223,
        "val": 4.616116392612457,
        "lr": 0.0005
    },
    "2": {
        "train": 4.742730057239532,
        "val": 4.569126355648041,
        "lr": 5e-06
    },
    "3": {
        "train": 4.681801211833954,
        "val": 4.488796293735504,
        "lr": 1e-05
    },
    "4": {
        "train": 4.605614447593689,
        "val": 4.376159048080444,
        "lr": 1.5e-05
    },
    "5": {
        "train": 4.479417824745179,
        "val": 4.23012558221817,
        "lr": 2e-05
    },
    "6": {
        "train": 4.3176363706588745,
        "val": 4.0527035176754,
        "lr": 2.5e-05
    },
    "7": {
        "train": 4.125943690538406,
        "val": 3.848869115114212,
        "lr": 3e-05
    },
    "8": {
        "train": 3.9061716973781584,
        "val": 3.6206725895404817,
        "lr": 3.5000000000000004e-05
    },
    "9": {
        "train": 3.681080013513565,
        "val": 3.376054012775421,
        "lr": 4e-05
    },
    "10": {
        "train": 3.4042699217796324,
        "val": 3.1123400747776033,
        "lr": 4.4999999999999996e-05
    },
    "11": {
        "train": 3.1419374465942385,
        "val": 2.8322452545166015,
        "lr": 5e-05
    },
    "12": {
        "train": 2.823999345302582,
        "val": 2.5346874475479124,
        "lr": 5.5e-05
    },
    "13": {
        "train": 2.5112710773944853,
        "val": 2.2276441276073458,
        "lr": 6e-05
    },
    "14": {
        "train": 2.200651055574417,
        "val": 1.9174230724573136,
        "lr": 6.500000000000001e-05
    },
    "15": {
        "train": 1.8785381764173508,
        "val": 1.6196014314889908,
        "lr": 7.000000000000001e-05
    },
    "16": {
        "train": 1.5728562295436859,
        "val": 1.3590682864189148,
        "lr": 7.5e-05
    },
    "17": {
        "train": 1.314867663383484,
        "val": 1.149474111199379,
        "lr": 8e-05
    },
    "18": {
        "train": 1.1231449961662292,
        "val": 0.9939687460660934,
        "lr": 8.5e-05
    },
    "19": {
        "train": 10.048097610473633,
        "val": 9.947482109069824,
        "lr": 8.999999999999999e-05
    },
    "20": {
        "train": 10.005739212036133,
        "val": 9.908437728881836,
        "lr": 9.5e-05
    },
    "21": {
        "train": 9.971349716186523,
        "val": 9.8704252243042,
        "lr": 0.0001
    },
    "22": {
        "train": 9.934168815612793,
        "val": 9.833562850952148,
        "lr": 0.000105
    },
    "23": {
        "train": 9.887664794921875,
        "val": 9.79788589477539,
        "lr": 0.00011
    },
    "24": {
        "train": 9.857353210449219,
        "val": 9.763418197631836,
        "lr": 0.000115
    },
    "25": {
        "train": 9.825576782226562,
        "val": 9.73001480102539,
        "lr": 0.00012
    },
    "26": {
        "train": 9.783687591552734,
        "val": 9.697466850280762,
        "lr": 0.000125
    },
    "27": {
        "train": 9.756771087646484,
        "val": 9.665624618530273,
        "lr": 0.00013000000000000002
    },
    "28": {
        "train": 9.721925735473633,
        "val": 9.63428020477295,
        "lr": 0.000135
    },
    "29": {
        "train": 9.694795608520508,
        "val": 9.603163719177246,
        "lr": 0.00014000000000000001
    },
    "30": {
        "train": 9.654289245605469,
        "val": 9.571945190429688,
        "lr": 0.000145
    },
    "31": {
        "train": 9.635448455810547,
        "val": 9.540438652038574,
        "lr": 0.00015
    },
    "32": {
        "train": 9.602622985839844,
        "val": 9.508345603942871,
        "lr": 0.000155
    },
    "33": {
        "train": 9.570762634277344,
        "val": 9.475388526916504,
        "lr": 0.00016
    },
    "34": {
        "train": 9.52994441986084,
        "val": 9.441352844238281,
        "lr": 0.000165
    },
    "35": {
        "train": 9.505995750427246,
        "val": 9.406048774719238,
        "lr": 0.00017
    },
    "36": {
        "train": 9.472047805786133,
        "val": 9.369194030761719,
        "lr": 0.000175
    },
    "37": {
        "train": 9.438923835754395,
        "val": 9.330571174621582,
        "lr": 0.00017999999999999998
    },
    "38": {
        "train": 9.395352363586426,
        "val": 9.289840698242188,
        "lr": 0.000185
    },
    "39": {
        "train": 9.353083610534668,
        "val": 9.246740341186523,
        "lr": 0.00019
    },
    "40": {
        "train": 9.310125350952148,
        "val": 9.201172828674316,
        "lr": 0.00019500000000000002
    },
    "41": {
        "train": 9.267245292663574,
        "val": 9.153091430664062,
        "lr": 0.0002
    },
    "42": {
        "train": 9.220649719238281,
        "val": 9.102439880371094,
        "lr": 0.000205
    },
    "43": {
        "train": 9.168787002563477,
        "val": 9.049261093139648,
        "lr": 0.00021
    },
    "44": {
        "train": 9.12858772277832,
        "val": 8.99370002746582,
        "lr": 0.000215
    },
    "45": {
        "train": 9.075637817382812,
        "val": 8.936190605163574,
        "lr": 0.00022
    },
    "46": {
        "train": 9.02803897857666,
        "val": 8.877293586730957,
        "lr": 0.00022500000000000002
    },
    "47": {
        "train": 8.967988014221191,
        "val": 8.817614555358887,
        "lr": 0.00023
    },
    "48": {
        "train": 8.910436630249023,
        "val": 8.7576904296875,
        "lr": 0.000235
    },
    "49": {
        "train": 8.854722023010254,
        "val": 8.697860717773438,
        "lr": 0.00024
    },
    "50": {
        "train": 8.807278633117676,
        "val": 8.637968063354492,
        "lr": 0.000245
    },
    "51": {
        "train": 8.743577003479004,
        "val": 8.577409744262695,
        "lr": 0.00025
    },
    "52": {
        "train": 8.692590713500977,
        "val": 8.515769958496094,
        "lr": 0.000255
    },
    "53": {
        "train": 8.632383346557617,
        "val": 8.45332145690918,
        "lr": 0.00026000000000000003
    },
    "54": {
        "train": 8.573278427124023,
        "val": 8.390032768249512,
        "lr": 0.00026500000000000004
    },
    "55": {
        "train": 8.51032543182373,
        "val": 8.325530052185059,
        "lr": 0.00027
    },
    "56": {
        "train": 8.465683937072754,
        "val": 8.259427070617676,
        "lr": 0.000275
    },
    "57": {
        "train": 8.382942199707031,
        "val": 8.191885948181152,
        "lr": 0.00028000000000000003
    },
    "58": {
        "train": 8.314172744750977,
        "val": 8.122882843017578,
        "lr": 0.000285
    },
    "59": {
        "train": 8.260464668273926,
        "val": 8.052592277526855,
        "lr": 0.00029
    },
    "60": {
        "train": 8.187106132507324,
        "val": 7.9813232421875,
        "lr": 0.000295
    },
    "61": {
        "train": 8.120121955871582,
        "val": 7.909513473510742,
        "lr": 0.0003
    },
    "62": {
        "train": 8.04892635345459,
        "val": 7.8368706703186035,
        "lr": 0.000305
    },
    "63": {
        "train": 7.992827892303467,
        "val": 7.763825416564941,
        "lr": 0.00031
    },
    "64": {
        "train": 7.90952205657959,
        "val": 7.690698623657227,
        "lr": 0.000315
    },
    "65": {
        "train": 7.834508419036865,
        "val": 7.617325782775879,
        "lr": 0.00032
    },
    "66": {
        "train": 7.768515110015869,
        "val": 7.544057369232178,
        "lr": 0.00032500000000000004
    },
    "67": {
        "train": 7.68778657913208,
        "val": 7.469945907592773,
        "lr": 0.00033
    },
    "68": {
        "train": 7.623787879943848,
        "val": 7.395285606384277,
        "lr": 0.000335
    },
    "69": {
        "train": 7.547804832458496,
        "val": 7.320333480834961,
        "lr": 0.00034
    },
    "70": {
        "train": 7.4762725830078125,
        "val": 7.246760845184326,
        "lr": 0.000345
    },