{
    "1": {
        "train": 4.764731168746948,
        "val": 3.9170339107513428,
        "lr": 0.0005
    },
    "2": {
        "train": 3.9334683418273926,
        "val": 3.9126594066619873,
        "lr": 5e-06
    },
    "3": {
        "train": 3.975154995918274,
        "val": 3.903874158859253,
        "lr": 1e-05
    },
    "4": {
        "train": 3.9830833673477173,
        "val": 3.8919215202331543,
        "lr": 1.5e-05
    },
    "5": {
        "train": 3.9460543394088745,
        "val": 3.8785805702209473,
        "lr": 2e-05
    },
    "6": {
        "train": 3.8509910106658936,
        "val": 3.865877866744995,
        "lr": 2.5e-05
    },
    "7": {
        "train": 3.8312902450561523,
        "val": 3.8521714210510254,
        "lr": 3e-05
    },
    "8": {
        "train": 3.895636796951294,
        "val": 3.8337013721466064,
        "lr": 3.5000000000000004e-05
    },
    "9": {
        "train": 3.7517272233963013,
        "val": 3.8092446327209473,
        "lr": 4e-05
    },
    "10": {
        "train": 3.7629865407943726,
        "val": 3.7783305644989014,
        "lr": 4.4999999999999996e-05
    },
    "11": {
        "train": 3.6722508668899536,
        "val": 3.7423527240753174,
        "lr": 5e-05
    },
    "12": {
        "train": 3.5951520204544067,
        "val": 3.7016043663024902,
        "lr": 5.5e-05
    },
    "13": {
        "train": 3.6396775245666504,
        "val": 3.6578309535980225,
        "lr": 6e-05
    },
    "14": {
        "train": 3.474152684211731,
        "val": 3.6138226985931396,
        "lr": 6.500000000000001e-05
    },
    "15": {
        "train": 3.476708769798279,
        "val": 3.5718367099761963,
        "lr": 7.000000000000001e-05
    },
    "16": {
        "train": 3.4859949350357056,
        "val": 3.535107135772705,
        "lr": 7.5e-05
    },
    "17": {
        "train": 3.4404375553131104,
        "val": 3.503859281539917,
        "lr": 8e-05
    },
    "18": {
        "train": 3.482421040534973,
        "val": 3.47686767578125,
        "lr": 8.5e-05
    },
    "19": {
        "train": 3.3066673278808594,
        "val": 3.453756809234619,
        "lr": 8.999999999999999e-05
    },
    "20": {
        "train": 3.351747751235962,
        "val": 3.4314582347869873,
        "lr": 9.5e-05
    },
    "21": {
        "train": 3.2322492599487305,
        "val": 3.4049291610717773,
        "lr": 0.0001
    },
    "22": {
        "train": 3.1426782608032227,
        "val": 3.3707590103149414,
        "lr": 0.000105
    },
    "23": {
        "train": 3.1586692333221436,
        "val": 3.3384621143341064,
        "lr": 0.00011
    },
    "24": {
        "train": 3.21034574508667,
        "val": 3.309218168258667,
        "lr": 0.000115
    },
    "25": {
        "train": 3.1834620237350464,
        "val": 3.282161235809326,
        "lr": 0.00012
    },
    "26": {
        "train": 3.032511591911316,
        "val": 3.2629055976867676,
        "lr": 0.000125
    },
    "27": {
        "train": 3.0096724033355713,
        "val": 3.2487475872039795,
        "lr": 0.00013000000000000002
    },
    "28": {
        "train": 3.1152817010879517,
        "val": 3.230861186981201,
        "lr": 0.000135
    },
    "29": {
        "train": 3.007924199104309,
        "val": 3.209941864013672,
        "lr": 0.00014000000000000001
    },
    "30": {
        "train": 2.9614819288253784,
        "val": 3.1912238597869873,
        "lr": 0.000145
    },
    "31": {
        "train": 2.84042489528656,
        "val": 3.1668972969055176,
        "lr": 0.00015
    },
    "32": {
        "train": 3.039959669113159,
        "val": 3.1388213634490967,
        "lr": 0.000155
    },
    "33": {
        "train": 2.8706793785095215,
        "val": 3.1159067153930664,
        "lr": 0.00016
    },
    "34": {
        "train": 2.7808104753494263,
        "val": 3.092740535736084,
        "lr": 0.000165
    },
    "35": {
        "train": 2.8305890560150146,
        "val": 3.0720834732055664,
        "lr": 0.00017
    },
    "36": {
        "train": 2.7685861587524414,
        "val": 3.0534636974334717,
        "lr": 0.000175
    },
    "37": {
        "train": 2.822778582572937,
        "val": 3.0379865169525146,
        "lr": 0.00017999999999999998
    },
    "38": {
        "train": 2.663502335548401,
        "val": 3.021480083465576,
        "lr": 0.000185
    },
    "39": {
        "train": 2.755129814147949,
        "val": 3.005307912826538,
        "lr": 0.00019
    },
    "40": {
        "train": 2.606188416481018,
        "val": 2.9913442134857178,
        "lr": 0.00019500000000000002
    },
    "41": {
        "train": 2.6649603843688965,
        "val": 2.968653440475464,
        "lr": 0.0002
    },
    "42": {
        "train": 2.6050915718078613,
        "val": 2.9443397521972656,
        "lr": 0.000205
    },
    "43": {
        "train": 2.612418293952942,
        "val": 2.925558090209961,
        "lr": 0.00021
    },
    "44": {
        "train": 2.488150954246521,
        "val": 2.9102957248687744,
        "lr": 0.000215
    },
    "45": {
        "train": 2.5219483375549316,
        "val": 2.898561477661133,
        "lr": 0.00022
    },
    "46": {
        "train": 2.537530541419983,
        "val": 2.8919332027435303,
        "lr": 0.00022500000000000002
    },
    "47": {
        "train": 2.4069021940231323,
        "val": 2.88386869430542,
        "lr": 0.00023
    },
    "48": {
        "train": 2.393102765083313,
        "val": 2.8673195838928223,
        "lr": 0.000235
    },
    "49": {
        "train": 2.333793520927429,
        "val": 2.8452610969543457,
        "lr": 0.00024
    },
    "50": {
        "train": 2.3295921087265015,
        "val": 2.821864604949951,
        "lr": 0.000245
    },
    "51": {
        "train": 2.3929115533828735,
        "val": 2.794853448867798,
        "lr": 0.00025
    },
    "52": {
        "train": 2.2360140085220337,
        "val": 2.777756452560425,
        "lr": 0.000255
    },
    "53": {
        "train": 2.1615935564041138,
        "val": 2.7550363540649414,
        "lr": 0.00026000000000000003
    },
    "54": {
        "train": 2.278412342071533,
        "val": 2.7287893295288086,
        "lr": 0.00026500000000000004
    },
    "55": {
        "train": 2.199795365333557,
        "val": 2.704885721206665,
        "lr": 0.00027
    },
    "56": {
        "train": 2.1061757802963257,
        "val": 2.683784008026123,
        "lr": 0.000275
    },
    "57": {
        "train": 2.123896837234497,
        "val": 2.668074369430542,
        "lr": 0.00028000000000000003
    },
    "58": {
        "train": 1.9846401810646057,
        "val": 2.653397798538208,
        "lr": 0.000285
    },
    "59": {
        "train": 2.0584704875946045,
        "val": 2.6412150859832764,
        "lr": 0.00029
    },
    "60": {
        "train": 2.0258789658546448,
        "val": 2.618485927581787,
        "lr": 0.000295
    },
    "61": {
        "train": 1.9958001375198364,
        "val": 2.593636989593506,
        "lr": 0.0003
    },
    "62": {
        "train": 1.9837538599967957,
        "val": 2.5701866149902344,
        "lr": 0.000305
    },
    "63": {
        "train": 1.9602340459823608,
        "val": 2.5418930053710938,
        "lr": 0.00031
    },
    "64": {
        "train": 1.8766910433769226,
        "val": 2.5221147537231445,
        "lr": 0.000315
    },
    "65": {
        "train": 1.9562526941299438,
        "val": 2.5074949264526367,
        "lr": 0.00032
    },
    "66": {
        "train": 1.8983569741249084,
        "val": 2.490265130996704,
        "lr": 0.00032500000000000004
    },
    "67": {
        "train": 1.7680732607841492,
        "val": 2.4685559272766113,
        "lr": 0.00033
    },
    "68": {
        "train": 1.7846007347106934,
        "val": 2.4427289962768555,
        "lr": 0.000335
    },
    "69": {
        "train": 1.6937543749809265,
        "val": 2.4118168354034424,
        "lr": 0.00034
    },
    "70": {
        "train": 1.6997584700584412,