{
    "1": {
        "train": 7.087685222867169,
        "val": 5.7901520065114465,
        "lr": 0.0005
    },
    "2": {
        "train": 5.813552934912186,
        "val": 5.760149720348889,
        "lr": 5e-06
    },
    "3": {
        "train": 5.792257188241693,
        "val": 5.7307295256023165,
        "lr": 1e-05
    },
    "4": {
        "train": 5.758121297329287,
        "val": 5.689088561866857,
        "lr": 1.5e-05
    },
    "5": {
        "train": 5.709453124034254,
        "val": 5.6363724636126165,
        "lr": 2e-05
    },
    "6": {
        "train": 5.649832206436351,
        "val": 5.57742061494272,
        "lr": 2.5e-05
    },
    "7": {
        "train": 5.60222801981093,
        "val": 5.513800717607329,
        "lr": 3e-05
    },
    "8": {
        "train": 5.534242611897143,
        "val": 5.452699957014639,
        "lr": 3.5000000000000004e-05
    },
    "9": {
        "train": 5.471998341475861,
        "val": 5.385765081719507,
        "lr": 4e-05
    }
}