{
    "1": {
        "train": 10.820356845855713,
        "val": 10.188817977905273,
        "lr": 0.0005
    },
    "2": {
        "train": 10.23064136505127,
        "val": 10.183435440063477,
        "lr": 5e-06
    },
    "3": {
        "train": 10.233033657073975,
        "val": 10.172277450561523,
        "lr": 1e-05
    },
    "4": {
        "train": 10.27796220779419,
        "val": 10.15561580657959,
        "lr": 1.5e-05
    },
    "5": {
        "train": 10.236345767974854,
        "val": 10.13364315032959,
        "lr": 2e-05
    },
    "6": {
        "train": 10.174931049346924,
        "val": 10.106642723083496,
        "lr": 2.5e-05
    },
    "7": {
        "train": 10.173449516296387,
        "val": 10.075162410736084,
        "lr": 3e-05
    },
    "8": {
        "train": 10.095454692840576,
        "val": 10.039588451385498,
        "lr": 3.5000000000000004e-05
    },
    "9": {
        "train": 10.112217903137207,
        "val": 10.00049114227295,
        "lr": 4e-05
    },
    "10": {
        "train": 10.014997959136963,
        "val": 9.958766460418701,
        "lr": 4.4999999999999996e-05
    },
    "11": {
        "train": 10.050261497497559,
        "val": 9.91536808013916,
        "lr": 5e-05
    },
    "12": {
        "train": 9.928048133850098,
        "val": 9.870983600616455,
        "lr": 5.5e-05
    },
    "13": {
        "train": 9.932175159454346,
        "val": 9.826380729675293,
        "lr": 6e-05
    },
    "14": {
        "train": 9.893134593963623,
        "val": 9.782172679901123,
        "lr": 6.500000000000001e-05
    },
    "15": {
        "train": 9.796865940093994,
        "val": 9.73906946182251,
        "lr": 7.000000000000001e-05
    },
    "16": {
        "train": 9.881952285766602,
        "val": 9.69725227355957,
        "lr": 7.5e-05
    },
    "17": {
        "train": 9.760416984558105,
        "val": 9.656184196472168,
        "lr": 8e-05
    },
    "18": {
        "train": 9.73817253112793,
        "val": 9.615524768829346,
        "lr": 8.5e-05
    },
    "19": {
        "train": 9.724819660186768,
        "val": 9.575249671936035,
        "lr": 8.999999999999999e-05
    },
    "20": {
        "train": 9.608265399932861,
        "val": 9.534735679626465,
        "lr": 9.5e-05
    },
    "21": {
        "train": 9.645694255828857,
        "val": 9.493307113647461,
        "lr": 0.0001
    },
    "22": {
        "train": 9.592958450317383,
        "val": 9.450704574584961,
        "lr": 0.000105
    },
    "23": {
        "train": 9.513804912567139,
        "val": 9.406604290008545,
        "lr": 0.00011
    },
    "24": {
        "train": 9.462925910949707,
        "val": 9.360642910003662,
        "lr": 0.000115
    },
    "25": {
        "train": 9.408501625061035,
        "val": 9.312062740325928,
        "lr": 0.00012
    },
    "26": {
        "train": 9.409495830535889,
        "val": 9.260452270507812,
        "lr": 0.000125
    },
    "27": {
        "train": 9.307650566101074,
        "val": 9.20551586151123,
        "lr": 0.00013000000000000002
    },
    "28": {
        "train": 9.335796356201172,
        "val": 9.147599220275879,
        "lr": 0.000135
    },
    "29": {
        "train": 9.275728702545166,
        "val": 9.08672571182251,
        "lr": 0.00014000000000000001
    },
    "30": {
        "train": 9.170068264007568,
        "val": 9.022992610931396,
        "lr": 0.000145
    },
    "31": {
        "train": 9.14610767364502,
        "val": 8.957333087921143,
        "lr": 0.00015
    },
    "32": {
        "train": 9.039206981658936,
        "val": 8.889373302459717,
        "lr": 0.000155
    },
    "33": {
        "train": 9.089527606964111,
        "val": 8.820264339447021,
        "lr": 0.00016
    },
    "34": {
        "train": 8.91521406173706,
        "val": 8.750871181488037,
        "lr": 0.000165
    },
    "35": {
        "train": 8.861211776733398,
        "val": 8.679988861083984,
        "lr": 0.00017
    },
    "36": {
        "train": 8.767377853393555,
        "val": 8.608016014099121,
        "lr": 0.000175
    },
    "37": {
        "train": 8.707466125488281,
        "val": 8.535391807556152,
        "lr": 0.00017999999999999998
    },
    "38": {
        "train": 8.610718727111816,
        "val": 8.460712909698486,
        "lr": 0.000185
    },
    "39": {
        "train": 8.567211627960205,
        "val": 8.384353637695312,
        "lr": 0.00019
    },
    "40": {
        "train": 8.486808776855469,
        "val": 8.306840419769287,
        "lr": 0.00019500000000000002
    },
    "41": {
        "train": 8.455876350402832,
        "val": 8.22832441329956,
        "lr": 0.0002
    },
    "42": {
        "train": 8.328373908996582,
        "val": 8.148734092712402,
        "lr": 0.000205
    },
    "43": {
        "train": 8.357163906097412,
        "val": 8.067227363586426,
        "lr": 0.00021
    },
    "44": {
        "train": 8.139248371124268,
        "val": 7.984965801239014,
        "lr": 0.000215
    },
    "45": {
        "train": 8.11325740814209,
        "val": 7.903292894363403,
        "lr": 0.00022
    },
    "46": {
        "train": 8.044797420501709,
        "val": 7.822863578796387,
        "lr": 0.00022500000000000002
    },
    "47": {
        "train": 7.880022764205933,
        "val": 7.741821050643921,
        "lr": 0.00023
    },
    "48": {
        "train": 7.919271469116211,
        "val": 7.658864259719849,
        "lr": 0.000235
    },
    "49": {
        "train": 7.804922342300415,
        "val": 7.575425863265991,
        "lr": 0.00024
    },
    "50": {
        "train": 7.651839733123779,
        "val": 7.491058588027954,
        "lr": 0.000245
    },
    "51": {
        "train": 7.639109373092651,
        "val": 7.407379388809204,
        "lr": 0.00025
    },
    "52": {
        "train": 7.504820346832275,
        "val": 7.322000503540039,
        "lr": 0.000255
    },
    "53": {
        "train": 7.418931722640991,
        "val": 7.2327680587768555,
        "lr": 0.00026000000000000003
    },
    "54": {
        "train": 7.3757004737854,
        "val": 7.144381523132324,
        "lr": 0.00026500000000000004
    },
    "55": {
        "train": 7.16739821434021,
        "val": 7.056276321411133,
        "lr": 0.00027
    },
    "56": {
        "train": 7.235936880111694,
        "val": 6.967215299606323,
        "lr": 0.000275
    },
    "57": {
        "train": 7.134860038757324,
        "val": 6.878504276275635,
        "lr": 0.00028000000000000003
    },
    "58": {
        "train": 7.024095773696899,
        "val": 6.78598690032959,
        "lr": 0.000285
    },
    "59": {
        "train": 7.043250322341919,
        "val": 6.69391655921936,
        "lr": 0.00029
    },
    "60": {
        "train": 6.872156381607056,
        "val": 6.60359787940979,
        "lr": 0.000295
    },
    "61": {
        "train": 6.861082077026367,
        "val": 6.513422012329102,
        "lr": 0.0003
    },
    "62": {
        "train": 6.692301988601685,
        "val": 6.416546821594238,
        "lr": 0.000305
    },
    "63": {
        "train": 6.6296892166137695,
        "val": 6.320549488067627,
        "lr": 0.00031
    },
    "64": {
        "train": 6.50762152671814,
        "val": 6.226738929748535,
        "lr": 0.000315
    },
    "65": {
        "train": 6.429658651351929,
        "val": 6.131457090377808,
        "lr": 0.00032
    },
    "66": {
        "train": 6.311528921127319,
        "val": 6.035189628601074,
        "lr": 0.00032500000000000004
    },
    "67": {
        "train": 6.176843643188477,
        "val": 5.941682577133179,
        "lr": 0.00033
    },
    "68": {
        "train": 6.109652042388916,
        "val": 5.8459649085998535,
        "lr": 0.000335
    },
    "69": {
        "train": 6.041804075241089,
        "val": 5.748129606246948,
        "lr": 0.00034
    },
    "70": {
        "train": 5.878768682479858,
        "val": 5.6584813594818115,
        "lr": 0.000345
    },