{
    "1": {
        "train": 3.1527481079101562,
        "val": 2.063579797744751,
        "lr": 0.0005
    },
    "2": {
        "train": 2.1507670879364014,
        "val": 2.0610058307647705,
        "lr": 5e-06
    },
    "3": {
        "train": 2.108375310897827,
        "val": 2.0554397106170654,
        "lr": 1e-05
    },
    "4": {
        "train": 2.1316263675689697,
        "val": 2.0466694831848145,
        "lr": 1.5e-05
    },
    "5": {
        "train": 2.12104868888855,
        "val": 2.0350825786590576,
        "lr": 2e-05
    },
    "6": {
        "train": 2.0937016010284424,
        "val": 2.0214650630950928,
        "lr": 2.5e-05
    },
    "7": {
        "train": 2.1185712814331055,
        "val": 2.0058228969573975,
        "lr": 3e-05
    },
    "8": {
        "train": 2.1187217235565186,
        "val": 1.9892445802688599,
        "lr": 3.5000000000000004e-05
    },
    "9": {
        "train": 2.0815327167510986,
        "val": 1.9720478057861328,
        "lr": 4e-05
    },
    "10": {
        "train": 2.055039167404175,
        "val": 1.955187201499939,
        "lr": 4.4999999999999996e-05
    },
    "11": {
        "train": 2.0702593326568604,
        "val": 1.9390138387680054,
        "lr": 5e-05
    },
    "12": {
        "train": 1.9885716438293457,
        "val": 1.9235224723815918,
        "lr": 5.5e-05
    },
    "13": {
        "train": 1.9932104349136353,
        "val": 1.9096088409423828,
        "lr": 6e-05
    },
    "14": {
        "train": 1.9802156686782837,
        "val": 1.8966684341430664,
        "lr": 6.500000000000001e-05
    },
    "15": {
        "train": 1.9508233070373535,
        "val": 1.885118842124939,
        "lr": 7.000000000000001e-05
    },
    "16": {
        "train": 1.9400185346603394,
        "val": 1.8744021654129028,
        "lr": 7.5e-05
    },
    "17": {
        "train": 1.9503227472305298,
        "val": 1.8641828298568726,
        "lr": 8e-05
    },
    "18": {
        "train": 1.9469677209854126,
        "val": 1.8540867567062378,
        "lr": 8.5e-05
    },
    "19": {
        "train": 1.9136556386947632,
        "val": 1.8440896272659302,
        "lr": 8.999999999999999e-05
    },
    "20": {
        "train": 1.8915666341781616,
        "val": 1.8347705602645874,
        "lr": 9.5e-05
    },
    "21": {
        "train": 1.884568214416504,
        "val": 1.8256372213363647,
        "lr": 0.0001
    },
    "22": {
        "train": 1.8985570669174194,
        "val": 1.8163933753967285,
        "lr": 0.000105
    },
    "23": {
        "train": 1.8548994064331055,
        "val": 1.8069342374801636,
        "lr": 0.00011
    },
    "24": {
        "train": 1.8581355810165405,
        "val": 1.7974902391433716,
        "lr": 0.000115
    },
    "25": {
        "train": 1.8583279848098755,
        "val": 1.7877329587936401,
        "lr": 0.00012
    },
    "26": {
        "train": 1.849476933479309,
        "val": 1.7775331735610962,
        "lr": 0.000125
    },
    "27": {
        "train": 1.8191872835159302,
        "val": 1.7669464349746704,
        "lr": 0.00013000000000000002
    },
    "28": {
        "train": 1.8104175329208374,
        "val": 1.7560006380081177,
        "lr": 0.000135
    },
    "29": {
        "train": 1.8052858114242554,
        "val": 1.7448753118515015,
        "lr": 0.00014000000000000001
    },
    "30": {
        "train": 1.7763419151306152,
        "val": 1.7333606481552124,
        "lr": 0.000145
    },
    "31": {
        "train": 1.777265191078186,
        "val": 1.7216984033584595,
        "lr": 0.00015
    },
    "32": {
        "train": 1.7619134187698364,
        "val": 1.7100011110305786,
        "lr": 0.000155
    },
    "33": {
        "train": 1.7686721086502075,
        "val": 1.698516845703125,
        "lr": 0.00016
    },
    "34": {
        "train": 1.7490110397338867,
        "val": 1.6870760917663574,
        "lr": 0.000165
    },
    "35": {
        "train": 1.7631440162658691,
        "val": 1.6759438514709473,
        "lr": 0.00017
    },
    "36": {
        "train": 1.7172226905822754,
        "val": 1.6645938158035278,
        "lr": 0.000175
    },
    "37": {
        "train": 1.713578701019287,
        "val": 1.6527122259140015,
        "lr": 0.00017999999999999998
    },
    "38": {
        "train": 1.7074695825576782,
        "val": 1.6405755281448364,
        "lr": 0.000185
    },
    "39": {
        "train": 1.6734787225723267,
        "val": 1.6281553506851196,
        "lr": 0.00019
    },
    "40": {
        "train": 1.6644173860549927,
        "val": 1.6156134605407715,
        "lr": 0.00019500000000000002
    },
    "41": {
        "train": 1.6566740274429321,
        "val": 1.6025546789169312,
        "lr": 0.0002
    },
    "42": {
        "train": 1.6423972845077515,
        "val": 1.5890240669250488,
        "lr": 0.000205
    },
    "43": {
        "train": 1.6249994039535522,
        "val": 1.5754543542861938,
        "lr": 0.00021
    },
    "44": {
        "train": 1.6071606874465942,
        "val": 1.5616990327835083,
        "lr": 0.000215
    },
    "45": {
        "train": 1.5911129713058472,
        "val": 1.5480841398239136,
        "lr": 0.00022
    },
    "46": {
        "train": 1.5946367979049683,
        "val": 1.5345358848571777,
        "lr": 0.00022500000000000002
    },
    "47": {
        "train": 1.5778881311416626,
        "val": 1.5202341079711914,
        "lr": 0.00023
    },
    "48": {
        "train": 1.5505207777023315,
        "val": 1.5055298805236816,
        "lr": 0.000235
    },
    "49": {
        "train": 1.5431323051452637,
        "val": 1.4906247854232788,
        "lr": 0.00024
    },
    "50": {
        "train": 1.533789038658142,
        "val": 1.4753376245498657,
        "lr": 0.000245
    },
    "51": {
        "train": 1.5227540731430054,
        "val": 1.4599660634994507,
        "lr": 0.00025
    },
    "52": {
        "train": 1.4996196031570435,
        "val": 1.4447778463363647,
        "lr": 0.000255
    },
    "53": {
        "train": 1.4802695512771606,
        "val": 1.42955482006073,
        "lr": 0.00026000000000000003
    },
    "54": {
        "train": 1.472326397895813,
        "val": 1.4142318964004517,
        "lr": 0.00026500000000000004
    },
    "55": {
        "train": 1.4573692083358765,
        "val": 1.3984999656677246,
        "lr": 0.00027
    },
    "56": {
        "train": 1.4335170984268188,
        "val": 1.3824478387832642,
        "lr": 0.000275
    },
    "57": {
        "train": 1.4175914525985718,
        "val": 1.3662223815917969,
        "lr": 0.00028000000000000003
    },
    "58": {
        "train": 1.4133747816085815,
        "val": 1.3498660326004028,
        "lr": 0.000285
    },
    "59": {
        "train": 1.3910478353500366,
        "val": 1.3331512212753296,
        "lr": 0.00029
    },
    "60": {
        "train": 1.365599274635315,
        "val": 1.3162496089935303,
        "lr": 0.000295
    },
    "61": {
        "train": 1.3577345609664917,
        "val": 1.2987622022628784,
        "lr": 0.0003
    },
    "62": {
        "train": 1.342745304107666,
        "val": 1.2804638147354126,
        "lr": 0.000305
    },
    "63": {
        "train": 1.3183294534683228,
        "val": 1.2620590925216675,
        "lr": 0.00031
    },
    "64": {
        "train": 1.301271915435791,
        "val": 1.2439709901809692,
        "lr": 0.000315
    },
    "65": {
        "train": 1.27315354347229,
        "val": 1.2260645627975464,
        "lr": 0.00032
    },
    "66": {
        "train": 1.2685327529907227,
        "val": 1.2080262899398804,
        "lr": 0.00032500000000000004
    },
    "67": {
        "train": 1.2462406158447266,
        "val": 1.1899865865707397,
        "lr": 0.00033
    },
    "68": {
        "train": 1.2364717721939087,
        "val": 1.1708840131759644,
        "lr": 0.000335
    },
    "69": {
        "train": 1.2060623168945312,
        "val": 1.1513572931289673,
        "lr": 0.00034
    },