{
    "1": {
        "train": 4.241647958755493,
        "val": 2.9298226833343506,
        "lr": 0.0005
    },
    "2": {
        "train": 3.177739977836609,
        "val": 2.92250657081604,
        "lr": 5e-06
    },
    "3": {
        "train": 3.1738563776016235,
        "val": 2.9044920206069946,
        "lr": 1e-05
    },
    "4": {
        "train": 3.1028544902801514,
        "val": 2.875956654548645,
        "lr": 1.5e-05
    },
    "5": {
        "train": 3.2290881872177124,
        "val": 2.8378041982650757,
        "lr": 2e-05
    },
    "6": {
        "train": 3.07650363445282,
        "val": 2.7917160987854004,
        "lr": 2.5e-05
    },
    "7": {
        "train": 3.2454103231430054,
        "val": 2.7398499250411987,
        "lr": 3e-05
    },
    "8": {
        "train": 3.112791419029236,
        "val": 2.6843518018722534,
        "lr": 3.5000000000000004e-05
    },
    "9": {
        "train": 2.8560943603515625,
        "val": 2.6277996301651,
        "lr": 4e-05
    },
    "10": {
        "train": 2.878966212272644,
        "val": 2.572612762451172,
        "lr": 4.4999999999999996e-05
    },
    "11": {
        "train": 2.7744762897491455,
        "val": 2.520463228225708,
        "lr": 5e-05
    },
    "12": {
        "train": 2.6916970014572144,
        "val": 2.4716464281082153,
        "lr": 5.5e-05
    },
    "13": {
        "train": 2.6637712717056274,
        "val": 2.425485372543335,
        "lr": 6e-05
    },
    "14": {
        "train": 2.5430638790130615,
        "val": 2.3818987607955933,
        "lr": 6.500000000000001e-05
    },
    "15": {
        "train": 2.6491211652755737,
        "val": 2.339753031730652,
        "lr": 7.000000000000001e-05
    },
    "16": {
        "train": 2.637832522392273,
        "val": 2.2995107173919678,
        "lr": 7.5e-05
    },
    "17": {
        "train": 2.4993454217910767,
        "val": 2.259638786315918,
        "lr": 8e-05
    },
    "18": {
        "train": 2.5141576528549194,
        "val": 2.2195420265197754,
        "lr": 8.5e-05
    },
    "19": {
        "train": 2.370356559753418,
        "val": 2.1800378561019897,
        "lr": 8.999999999999999e-05
    },
    "20": {
        "train": 2.3462345600128174,
        "val": 2.141106367111206,
        "lr": 9.5e-05
    },
    "21": {
        "train": 2.361483335494995,
        "val": 2.1021822690963745,
        "lr": 0.0001
    },
    "22": {
        "train": 2.392513871192932,
        "val": 2.0647871494293213,
        "lr": 0.000105
    },
    "23": {
        "train": 2.3072025775909424,
        "val": 2.028649687767029,
        "lr": 0.00011
    },
    "24": {
        "train": 2.3152846097946167,
        "val": 1.9930821061134338,
        "lr": 0.000115
    },
    "25": {
        "train": 2.1570236682891846,
        "val": 1.958963930606842,
        "lr": 0.00012
    },
    "26": {
        "train": 2.1843689680099487,
        "val": 1.92593514919281,
        "lr": 0.000125
    },
    "27": {
        "train": 2.062130570411682,
        "val": 1.8922742009162903,
        "lr": 0.00013000000000000002
    },
    "28": {
        "train": 2.106868863105774,
        "val": 1.8607053756713867,
        "lr": 0.000135
    },
    "29": {
        "train": 2.2424601316452026,
        "val": 1.8303440809249878,
        "lr": 0.00014000000000000001
    },
    "30": {
        "train": 2.1219877004623413,
        "val": 1.80060613155365,
        "lr": 0.000145
    },
    "31": {
        "train": 2.0480979681015015,
        "val": 1.7715328335762024,
        "lr": 0.00015
    },
    "32": {
        "train": 1.9551207423210144,
        "val": 1.74322909116745,
        "lr": 0.000155
    },
    "33": {
        "train": 2.0598899126052856,
        "val": 1.7153335809707642,
        "lr": 0.00016
    },
    "34": {
        "train": 1.9394976496696472,
        "val": 1.6856775879859924,
        "lr": 0.000165
    },
    "35": {
        "train": 1.8627867698669434,
        "val": 1.6586429476737976,
        "lr": 0.00017
    },
    "36": {
        "train": 1.8627005219459534,
        "val": 1.6322321891784668,
        "lr": 0.000175
    },
    "37": {
        "train": 1.8664554953575134,
        "val": 1.6071967482566833,
        "lr": 0.00017999999999999998
    },
    "38": {
        "train": 1.9164769053459167,
        "val": 1.5816720128059387,
        "lr": 0.000185
    },
    "39": {
        "train": 1.8288782835006714,
        "val": 1.5563285946846008,
        "lr": 0.00019
    },
    "40": {
        "train": 1.8444697260856628,
        "val": 1.5326353311538696,
        "lr": 0.00019500000000000002
    },
    "41": {
        "train": 1.79181969165802,
        "val": 1.5105371475219727,
        "lr": 0.0002
    },
    "42": {
        "train": 1.7167837619781494,
        "val": 1.4838936924934387,
        "lr": 0.000205
    },
    "43": {
        "train": 1.6707540154457092,
        "val": 1.4613031148910522,
        "lr": 0.00021
    },
    "44": {
        "train": 1.645543396472931,
        "val": 1.4391526579856873,
        "lr": 0.000215
    },
    "45": {
        "train": 1.702843725681305,
        "val": 1.4216595888137817,
        "lr": 0.00022
    },
    "46": {
        "train": 1.6292539834976196,
        "val": 1.3976342678070068,
        "lr": 0.00022500000000000002
    },
    "47": {
        "train": 1.6497187614440918,
        "val": 1.371624231338501,
        "lr": 0.00023
    },
    "48": {
        "train": 1.6113981008529663,
        "val": 1.349242627620697,
        "lr": 0.000235
    },
    "49": {
        "train": 1.5043787360191345,
        "val": 1.3280727863311768,
        "lr": 0.00024
    },
    "50": {
        "train": 1.537158727645874,
        "val": 1.3087979555130005,
        "lr": 0.000245
    },
    "51": {
        "train": 1.5607081055641174,
        "val": 1.2874252200126648,
        "lr": 0.00025
    },
    "52": {
        "train": 1.477050244808197,
        "val": 1.2645872831344604,
        "lr": 0.000255
    },
    "53": {
        "train": 1.4849658012390137,
        "val": 1.2448107600212097,
        "lr": 0.00026000000000000003
    },
    "54": {
        "train": 1.3751421570777893,
        "val": 1.2267768383026123,
        "lr": 0.00026500000000000004
    },
    "55": {
        "train": 1.4512908458709717,
        "val": 1.2037144899368286,
        "lr": 0.00027
    },
    "56": {
        "train": 1.3788822889328003,
        "val": 1.178554654121399,
        "lr": 0.000275
    },
    "57": {
        "train": 1.405087411403656,
        "val": 1.1581248044967651,
        "lr": 0.00028000000000000003
    },
    "58": {
        "train": 1.3679558634757996,
        "val": 1.140662133693695,
        "lr": 0.000285
    },
    "59": {
        "train": 1.4084141254425049,
        "val": 1.1170148849487305,
        "lr": 0.00029
    },
    "60": {
        "train": 1.2774860858917236,
        "val": 1.100810945034027,
        "lr": 0.000295
    },
    "61": {
        "train": 1.3252506852149963,
        "val": 1.0836199522018433,
        "lr": 0.0003
    },
    "62": {
        "train": 1.3064873218536377,
        "val": 1.0717488527297974,
        "lr": 0.000305
    },
    "63": {
        "train": 1.3193439841270447,
        "val": 1.0419758558273315,
        "lr": 0.00031
    },
    "64": {
        "train": 1.2342582941055298,
        "val": 1.018831491470337,
        "lr": 0.000315
    },
    "65": {
        "train": 1.3134489059448242,
        "val": 1.0002946555614471,
        "lr": 0.00032
    },
    "66": {
        "train": 1.2107999324798584,
        "val": 0.9850462377071381,
        "lr": 0.00032500000000000004
    },
    "67": {
        "train": 2.8738346099853516,
        "val": 2.7893006801605225,
        "lr": 0.00033
    },
    "68": {
        "train": 2.8425095081329346,
        "val": 2.7608625888824463,
        "lr": 0.000335
    },
    "69": {
        "train": 2.820066213607788,
        "val": 2.7341983318328857,
        "lr": 0.00034
    },
    "70": {
        "train": 2.777019500732422,