{
    "1": {
        "train": 10.726572513580322,
        "val": 10.16481637954712,
        "lr": 0.0005
    },
    "2": {
        "train": 10.231070041656494,
        "val": 10.160121440887451,
        "lr": 5e-06
    },
    "3": {
        "train": 10.253929138183594,
        "val": 10.15068769454956,
        "lr": 1e-05
    },
    "4": {
        "train": 10.216065406799316,
        "val": 10.136748313903809,
        "lr": 1.5e-05
    },
    "5": {
        "train": 10.18986988067627,
        "val": 10.118399143218994,
        "lr": 2e-05
    },
    "6": {
        "train": 10.151257514953613,
        "val": 10.096076488494873,
        "lr": 2.5e-05
    },
    "7": {
        "train": 10.142677307128906,
        "val": 10.070096492767334,
        "lr": 3e-05
    },
    "8": {
        "train": 10.129959106445312,
        "val": 10.040785312652588,
        "lr": 3.5000000000000004e-05
    },
    "9": {
        "train": 10.072141647338867,
        "val": 10.009042263031006,
        "lr": 4e-05
    },
    "10": {
        "train": 10.029085636138916,
        "val": 9.975264072418213,
        "lr": 4.4999999999999996e-05
    },
    "11": {
        "train": 10.02182388305664,
        "val": 9.94013786315918,
        "lr": 5e-05
    },
    "12": {
        "train": 10.01321029663086,
        "val": 9.904500484466553,
        "lr": 5.5e-05
    },
    "13": {
        "train": 9.952127933502197,
        "val": 9.86853313446045,
        "lr": 6e-05
    },
    "14": {
        "train": 9.924830913543701,
        "val": 9.832721710205078,
        "lr": 6.500000000000001e-05
    },
    "15": {
        "train": 9.871149063110352,
        "val": 9.797183513641357,
        "lr": 7.000000000000001e-05
    },
    "16": {
        "train": 9.87407636642456,
        "val": 9.761728286743164,
        "lr": 7.5e-05
    },
    "17": {
        "train": 9.774981498718262,
        "val": 9.726219654083252,
        "lr": 8e-05
    },
    "18": {
        "train": 9.77662181854248,
        "val": 9.690428733825684,
        "lr": 8.5e-05
    },
    "19": {
        "train": 9.722857475280762,
        "val": 9.654141902923584,
        "lr": 8.999999999999999e-05
    },
    "20": {
        "train": 9.705773830413818,
        "val": 9.616925239562988,
        "lr": 9.5e-05
    },
    "21": {
        "train": 9.649981498718262,
        "val": 9.578112602233887,
        "lr": 0.0001
    },
    "22": {
        "train": 9.60359001159668,
        "val": 9.5375394821167,
        "lr": 0.000105
    },
    "23": {
        "train": 9.603168964385986,
        "val": 9.495162963867188,
        "lr": 0.00011
    },
    "24": {
        "train": 9.53506088256836,
        "val": 9.449841022491455,
        "lr": 0.000115
    },
    "25": {
        "train": 9.499589920043945,
        "val": 9.400918960571289,
        "lr": 0.00012
    },
    "26": {
        "train": 9.45281171798706,
        "val": 9.349100112915039,
        "lr": 0.000125
    },
    "27": {
        "train": 9.421491146087646,
        "val": 9.294387817382812,
        "lr": 0.00013000000000000002
    },
    "28": {
        "train": 9.316330432891846,
        "val": 9.236353874206543,
        "lr": 0.000135
    },
    "29": {
        "train": 9.317487239837646,
        "val": 9.175938606262207,
        "lr": 0.00014000000000000001
    },
    "30": {
        "train": 9.296993255615234,
        "val": 9.112775802612305,
        "lr": 0.000145
    },
    "31": {
        "train": 9.21504831314087,
        "val": 9.045886516571045,
        "lr": 0.00015
    },
    "32": {
        "train": 9.11184549331665,
        "val": 8.976552963256836,
        "lr": 0.000155
    },
    "33": {
        "train": 9.086602687835693,
        "val": 8.906310558319092,
        "lr": 0.00016
    },
    "34": {
        "train": 8.968174457550049,
        "val": 8.836332321166992,
        "lr": 0.000165
    },
    "35": {
        "train": 8.945269584655762,
        "val": 8.766448497772217,
        "lr": 0.00017
    },
    "36": {
        "train": 8.806338787078857,
        "val": 8.694855690002441,
        "lr": 0.000175
    },
    "37": {
        "train": 8.785017490386963,
        "val": 8.620808601379395,
        "lr": 0.00017999999999999998
    },
    "38": {
        "train": 8.703272342681885,
        "val": 8.546048164367676,
        "lr": 0.000185
    },
    "39": {
        "train": 8.691362857818604,
        "val": 8.47318410873413,
        "lr": 0.00019
    },
    "40": {
        "train": 8.54237985610962,
        "val": 8.39883804321289,
        "lr": 0.00019500000000000002
    },
    "41": {
        "train": 8.496456623077393,
        "val": 8.320260047912598,
        "lr": 0.0002
    },
    "42": {
        "train": 8.411939144134521,
        "val": 8.243563175201416,
        "lr": 0.000205
    },
    "43": {
        "train": 8.34352731704712,
        "val": 8.163447856903076,
        "lr": 0.00021
    },
    "44": {
        "train": 8.260303974151611,
        "val": 8.081005096435547,
        "lr": 0.000215
    },
    "45": {
        "train": 8.179306507110596,
        "val": 8.001983165740967,
        "lr": 0.00022
    },
    "46": {
        "train": 8.164904594421387,
        "val": 7.922495603561401,
        "lr": 0.00022500000000000002
    },
    "47": {
        "train": 8.048590660095215,
        "val": 7.844013452529907,
        "lr": 0.00023
    },
    "48": {
        "train": 7.951489448547363,
        "val": 7.7607786655426025,
        "lr": 0.000235
    },
    "49": {
        "train": 7.867474794387817,
        "val": 7.675976514816284,
        "lr": 0.00024
    },
    "50": {
        "train": 7.856292009353638,
        "val": 7.594070196151733,
        "lr": 0.000245
    },
    "51": {
        "train": 7.718427896499634,
        "val": 7.511216640472412,
        "lr": 0.00025
    },
    "52": {
        "train": 7.599725961685181,
        "val": 7.425156354904175,
        "lr": 0.000255
    },
    "53": {
        "train": 7.553893089294434,
        "val": 7.334100961685181,
        "lr": 0.00026000000000000003
    },
    "54": {
        "train": 7.389531373977661,
        "val": 7.246952533721924,
        "lr": 0.00026500000000000004
    },
    "55": {
        "train": 7.361047983169556,
        "val": 7.160193681716919,
        "lr": 0.00027
    },
    "56": {
        "train": 7.342294692993164,
        "val": 7.069930553436279,
        "lr": 0.000275
    },
    "57": {
        "train": 7.129469871520996,
        "val": 6.977029323577881,
        "lr": 0.00028000000000000003
    },
    "58": {
        "train": 7.133620023727417,
        "val": 6.887343406677246,
        "lr": 0.000285
    },
    "59": {
        "train": 7.083576202392578,
        "val": 6.800562620162964,
        "lr": 0.00029
    },
    "60": {
        "train": 7.040349245071411,
        "val": 6.7125678062438965,
        "lr": 0.000295
    },
    "61": {
        "train": 6.838900327682495,
        "val": 6.618520975112915,
        "lr": 0.0003
    },
    "62": {
        "train": 6.7647998332977295,
        "val": 6.525616645812988,
        "lr": 0.000305
    },
    "63": {
        "train": 6.79103422164917,
        "val": 6.428079128265381,
        "lr": 0.00031
    },
    "64": {
        "train": 6.555751800537109,
        "val": 6.333934545516968,
        "lr": 0.000315
    },
    "65": {
        "train": 6.660676717758179,
        "val": 6.235948085784912,
        "lr": 0.00032
    },
    "66": {
        "train": 6.307804107666016,
        "val": 6.139137268066406,
        "lr": 0.00032500000000000004
    },
    "67": {
        "train": 6.3302342891693115,
        "val": 6.047543287277222,
        "lr": 0.00033
    },
    "68": {
        "train": 6.2726356983184814,
        "val": 5.948160648345947,
        "lr": 0.000335
    },
    "69": {
        "train": 6.104284763336182,
        "val": 5.8463358879089355,
        "lr": 0.00034
    },
    "70": {
        "train": 5.9894537925720215,
        "val": 5.750500917434692,
        "lr": 0.000345
    },