{
    "1": {
        "train": 11.418097019195557,
        "val": 10.62880802154541,
        "lr": 0.0005
    },
    "2": {
        "train": 10.840125560760498,
        "val": 10.621833801269531,
        "lr": 5e-06
    },
    "3": {
        "train": 10.807379245758057,
        "val": 10.605010509490967,
        "lr": 1e-05
    },
    "4": {
        "train": 10.813756942749023,
        "val": 10.579266548156738,
        "lr": 1.5e-05
    },
    "5": {
        "train": 10.80302619934082,
        "val": 10.544611930847168,
        "lr": 2e-05
    },
    "6": {
        "train": 10.694149494171143,
        "val": 10.501784324645996,
        "lr": 2.5e-05
    },
    "7": {
        "train": 10.776349544525146,
        "val": 10.452396869659424,
        "lr": 3e-05
    },
    "8": {
        "train": 10.637882232666016,
        "val": 10.395954132080078,
        "lr": 3.5000000000000004e-05
    },
    "9": {
        "train": 10.636180400848389,
        "val": 10.334487915039062,
        "lr": 4e-05
    },
    "10": {
        "train": 10.566056251525879,
        "val": 10.26900577545166,
        "lr": 4.4999999999999996e-05
    },
    "11": {
        "train": 10.4954252243042,
        "val": 10.202653884887695,
        "lr": 5e-05
    },
    "12": {
        "train": 10.503532409667969,
        "val": 10.141563892364502,
        "lr": 5.5e-05
    },
    "13": {
        "train": 10.438487529754639,
        "val": 10.08351182937622,
        "lr": 6e-05
    },
    "14": {
        "train": 10.306894779205322,
        "val": 10.022973537445068,
        "lr": 6.500000000000001e-05
    },
    "15": {
        "train": 10.211246013641357,
        "val": 9.958871364593506,
        "lr": 7.000000000000001e-05
    },
    "16": {
        "train": 10.14464807510376,
        "val": 9.891261577606201,
        "lr": 7.5e-05
    },
    "17": {
        "train": 10.220647811889648,
        "val": 9.824716091156006,
        "lr": 8e-05
    },
    "18": {
        "train": 10.134787559509277,
        "val": 9.757818222045898,
        "lr": 8.5e-05
    },
    "19": {
        "train": 10.086528301239014,
        "val": 9.694835662841797,
        "lr": 8.999999999999999e-05
    },
    "20": {
        "train": 9.991179466247559,
        "val": 9.636590480804443,
        "lr": 9.5e-05
    },
    "21": {
        "train": 9.859736919403076,
        "val": 9.576762676239014,
        "lr": 0.0001
    },
    "22": {
        "train": 9.816771030426025,
        "val": 9.515839099884033,
        "lr": 0.000105
    },
    "23": {
        "train": 9.914610862731934,
        "val": 9.452962398529053,
        "lr": 0.00011
    },
    "24": {
        "train": 9.73779821395874,
        "val": 9.390604972839355,
        "lr": 0.000115
    },
    "25": {
        "train": 9.598087310791016,
        "val": 9.326919078826904,
        "lr": 0.00012
    },
    "26": {
        "train": 9.695149421691895,
        "val": 9.262333869934082,
        "lr": 0.000125
    },
    "27": {
        "train": 9.534920692443848,
        "val": 9.196669101715088,
        "lr": 0.00013000000000000002
    },
    "28": {
        "train": 9.470130443572998,
        "val": 9.130890369415283,
        "lr": 0.000135
    },
    "29": {
        "train": 9.419672966003418,
        "val": 9.065536975860596,
        "lr": 0.00014000000000000001
    },
    "30": {
        "train": 9.52748727798462,
        "val": 9.002801895141602,
        "lr": 0.000145
    },
    "31": {
        "train": 9.260368347167969,
        "val": 8.942404747009277,
        "lr": 0.00015
    },
    "32": {
        "train": 9.319116592407227,
        "val": 8.883799076080322,
        "lr": 0.000155
    },
    "33": {
        "train": 9.24855899810791,
        "val": 8.828211307525635,
        "lr": 0.00016
    },
    "34": {
        "train": 9.090306758880615,
        "val": 8.771220207214355,
        "lr": 0.000165
    },
    "35": {
        "train": 9.147019863128662,
        "val": 8.712544441223145,
        "lr": 0.00017
    },
    "36": {
        "train": 8.992703914642334,
        "val": 8.653460025787354,
        "lr": 0.000175
    },
    "37": {
        "train": 8.93120813369751,
        "val": 8.593182563781738,
        "lr": 0.00017999999999999998
    },
    "38": {
        "train": 8.896727561950684,
        "val": 8.52924633026123,
        "lr": 0.000185
    },
    "39": {
        "train": 8.76456356048584,
        "val": 8.465702056884766,
        "lr": 0.00019
    },
    "40": {
        "train": 8.718433380126953,
        "val": 8.401337623596191,
        "lr": 0.00019500000000000002
    },
    "41": {
        "train": 8.74133825302124,
        "val": 8.336610317230225,
        "lr": 0.0002
    },
    "42": {
        "train": 8.635536193847656,
        "val": 8.272083282470703,
        "lr": 0.000205
    },
    "43": {
        "train": 8.574936866760254,
        "val": 8.210090160369873,
        "lr": 0.00021
    },
    "44": {
        "train": 8.423189163208008,
        "val": 8.150345802307129,
        "lr": 0.000215
    },
    "45": {
        "train": 8.51562786102295,
        "val": 8.0908842086792,
        "lr": 0.00022
    },
    "46": {
        "train": 8.316928386688232,
        "val": 8.029877662658691,
        "lr": 0.00022500000000000002
    },
    "47": {
        "train": 8.369106769561768,
        "val": 7.965925693511963,
        "lr": 0.00023
    },
    "48": {
        "train": 8.15805435180664,
        "val": 7.89604377746582,
        "lr": 0.000235
    },
    "49": {
        "train": 8.056720733642578,
        "val": 7.8222880363464355,
        "lr": 0.00024
    },
    "50": {
        "train": 8.02601957321167,
        "val": 7.747380971908569,
        "lr": 0.000245
    },
    "51": {
        "train": 8.060747623443604,
        "val": 7.673937082290649,
        "lr": 0.00025
    },
    "52": {
        "train": 8.04183292388916,
        "val": 7.604374170303345,
        "lr": 0.000255
    },
    "53": {
        "train": 7.8607261180877686,
        "val": 7.537724733352661,
        "lr": 0.00026000000000000003
    },
    "54": {
        "train": 7.8102943897247314,
        "val": 7.470136642456055,
        "lr": 0.00026500000000000004
    },
    "55": {
        "train": 7.761960744857788,
        "val": 7.403101921081543,
        "lr": 0.00027
    },
    "56": {
        "train": 7.595170259475708,
        "val": 7.3332860469818115,
        "lr": 0.000275
    },
    "57": {
        "train": 7.505951404571533,
        "val": 7.255946159362793,
        "lr": 0.00028000000000000003
    },
    "58": {
        "train": 7.4774134159088135,
        "val": 7.176965236663818,
        "lr": 0.000285
    },
    "59": {
        "train": 7.445772409439087,
        "val": 7.1019792556762695,
        "lr": 0.00029
    },
    "60": {
        "train": 7.424256801605225,
        "val": 7.028620004653931,
        "lr": 0.000295
    },
    "61": {
        "train": 7.1828436851501465,
        "val": 6.955169200897217,
        "lr": 0.0003
    },
    "62": {
        "train": 7.174983739852905,
        "val": 6.881179571151733,
        "lr": 0.000305
    },
    "63": {
        "train": 7.031263828277588,
        "val": 6.806900262832642,
        "lr": 0.00031
    },
    "64": {
        "train": 7.046507358551025,
        "val": 6.735273599624634,
        "lr": 0.000315
    },
    "65": {
        "train": 6.960464954376221,
        "val": 6.664174556732178,
        "lr": 0.00032
    },
    "66": {
        "train": 6.8911237716674805,
        "val": 6.5933661460876465,
        "lr": 0.00032500000000000004
    },
    "67": {
        "train": 6.820511341094971,
        "val": 6.523987531661987,
        "lr": 0.00033
    },
    "68": {
        "train": 6.662122964859009,
        "val": 6.455692768096924,
        "lr": 0.000335
    },
    "69": {
        "train": 6.749270439147949,
        "val": 6.383362293243408,
        "lr": 0.00034
    },
    "70": {
        "train": 6.551263093948364,
        "val": 6.306977272033691,
        "lr": 0.000345
    },